"ID","SRV_ID","ORD_ID","DRV_ID","AUTO_ID","OPR_REG_ID","OPR_UPD_ID","RGN_ID","DVC_ID","BGN_RLY","END_RLY","TME_UPD","ABS_SEC","NM_ORD","NM_LGT","CALL","NOM","AUTO_CLR","AUTO_MDL","DST","FL_ONLINE","QUEUE","ST","MRK","ENB"
36778,243,474675,13455,21483,0,1743,4,0,"0000-00-00 00:00:00","0000-00-00 00:00:00","0000-00-00 00:00:00",29,0,805,"н9**су11","темно-синий","Дэу Нексия","сов 50","2",9,20,0,1,0
37356,245,474727,12632,20682,0,1,0,13,"0000-00-00 00:00:00","0000-00-00 00:00:00","0000-00-00 00:00:00",0,0,0,"Центр","2","513301","20","0",1,0,0,0,0
37370,246,0,13208,21245,0,4,0,13,"0000-00-00 00:00:00","0000-00-00 00:00:00","0000-00-00 00:00:00",0,0,0,"2","513145","10","0","1",0,0,0,0,0
37357,246,474660,13147,21185,0,4,0,13,"0000-00-00 00:00:00","0000-00-00 00:00:00","0000-00-00 00:00:00",0,25,0,"белый","Шкода-Октавия","Юго-восток","2","513240",9,0,1,0,0
37358,245,474742,13803,26723,0,1,0,13,"0000-00-00 00:00:00","0000-00-00 00:00:00","0000-00-00 00:00:00",0,0,0,"Центр","2","513322","20","0",1,0,0,0,0
37045,256,0,13366,21396,0,1700,2,0,"0000-00-00 00:00:00","0000-00-00 00:00:00","0000-00-00 00:00:00",11,0,2018,"н3**нх11","серебристый","Шевроле Ланос","Север","2",9,10,0,1,0
37359,246,0,13172,21209,0,3,0,13,"0000-00-00 00:00:00","0000-00-00 00:00:00","0000-00-00 00:00:00",0,52,0,"песочный","Дэу Нексия","Юго-запад","2","513174",9,0,1,0,0
37360,249,0,13437,21465,0,1763,3,0,"0000-00-00 00:00:00","0000-00-00 00:00:00","0000-00-00 00:00:00",2,0,5132,"н3**ув11","серебристый","Лада Приора","Юго-запад","2",9,10,0,1,0
37371,249,474722,12975,21013,0,2,0,13,"0000-00-00 00:00:00","0000-00-00 00:00:00","0000-00-00 00:00:00",0,709,0,"черный","Лада Калина","Север","2","513317",9,0,1,0,0
37078,256,474729,12655,20705,0,1706,3,0,"0000-00-00 00:00:00","0000-00-00 00:00:00","0000-00-00 00:00:00",12,0,15,"о0**ех11","темно-зеленый","ВАЗ 2115","Юго-запад","2",9,20,0,1,0
37048,249,474678,12968,21006,0,1767,2,0,"0000-00-00 00:00:00","0000-00-00 00:00:00","0000-00-00 00:00:00",7,0,702,"х9**ае11","зелено-серый","Шевроле Ланос","Север","2",9,20,0,1,0
37049,249,0,13961,26881,0,1763,2,0,"0000-00-00 00:00:00","0000-00-00 00:00:00","0000-00-00 00:00:00",11,0,12,"н2**ув11","фиолетовый","ВАЗ 2110","Север","2",9,40,0,1,0
37050,249,0,12896,20937,0,1767,3,0,"0000-00-00 00:00:00","0000-00-00 00:00:00","0000-00-00 00:00:00",12,0,38,"о1**км11","зеленый","Опель-Вектра","Юго-запад","2",9,10,0,1,0
37364,249,0,14204,25436,0,4,0,13,"0000-00-00 00:00:00","0000-00-00 00:00:00","0000-00-00 00:00:00",0,5145,0,"серый","Тайота","Юго-восток","2","513092",9,0,1,0,0
37051,256,0,12661,20711,0,1700,2,0,"0000-00-00 00:00:00","0000-00-00 00:00:00","0000-00-00 00:00:00",12,0,22,"н8**ее11","зеленый","Шевроле","Север","2",9,10,0,1,0
37365,256,0,13827,26747,0,1700,4,0,"0000-00-00 00:00:00","0000-00-00 00:00:00","0000-00-00 00:00:00",1,0,7032,"о8**вк11","сине-зеленый","ВАЗ 2107","Юго-восток","2",9,10,3,1,0
37052,246,474692,13178,21215,0,2,0,13,"0000-00-00 00:00:00","0000-00-00 00:00:00","0000-00-00 00:00:00",0,58,0,"темно-синий","Киа - Спектра","Север","2","513273",9,0,1,0,0
37366,249,0,12992,26605,0,2,0,13,"0000-00-00 00:00:00","0000-00-00 00:00:00","0000-00-00 00:00:00",0,736,0,"темно-синий","Рено- Универсал","Север","2","513020",9,0,1,0,0
37054,249,474595,13439,21467,0,1,0,13,"0000-00-00 00:00:00","0000-00-00 00:00:00","0000-00-00 00:00:00",0,5140,0,"серый","ВАЗ 2114","Центр","2","513162",9,0,1,0,0
37055,245,0,13269,21300,0,1824,4,0,"0000-00-00 00:00:00","0000-00-00 00:00:00","0000-00-00 00:00:00",16,0,1108,"к9**хн11","серебристый","ВАЗ 2110","Юго-восток","2",9,10,0,1,0
37367,243,474580,13842,26761,0,4,0,13,"0000-00-00 00:00:00","0000-00-00 00:00:00","0000-00-00 00:00:00",0,0,0,"серый","Лада Приора","Юго-восток","2","513147",9,0,1,0,0
37057,256,474702,12715,20764,0,1700,3,0,"0000-00-00 00:00:00","0000-00-00 00:00:00","0000-00-00 00:00:00",8,0,969,"о0**ае11","синий","ВАЗ 2105","Юго-запад","2",9,20,0,1,0
37074,246,474664,13144,21182,0,1804,3,0,"0000-00-00 00:00:00","0000-00-00 00:00:00","0000-00-00 00:00:00",8,0,21,"н9**те11","серый","Лада Приора","Юго-запад","2",9,20,0,1,0
37099,243,474677,12807,20849,0,1743,4,0,"0000-00-00 00:00:00","0000-00-00 00:00:00","0000-00-00 00:00:00",7,0,336,"х7**оо11","серебристый","Дэу Нексия","Юго-восток","2",9,20,0,1,0
37058,256,474639,13417,21446,0,1700,3,0,"0000-00-00 00:00:00","0000-00-00 00:00:00","0000-00-00 00:00:00",9,0,2088,"н8**ем11","серебристый","Ниссан Ноте","Юго-запад","2",9,20,0,1,0
37368,256,474648,12710,20759,0,3,0,13,"0000-00-00 00:00:00","0000-00-00 00:00:00","0000-00-00 00:00:00",0,0,0,"Юго-запад","2","513222","20","0",1,0,0,0,0
37060,246,0,13255,21286,0,1804,1,0,"0000-00-00 00:00:00","0000-00-00 00:00:00","0000-00-00 00:00:00",11,0,713,"о3**вм11","серый","Шкода-Октавия","Центр","2",9,10,0,1,0
37061,245,474717,13708,26643,0,1824,1,0,"0000-00-00 00:00:00","0000-00-00 00:00:00","0000-00-00 00:00:00",13,0,1114,"о7**кн11","бордовый","Рено Логан","Центр","2",9,20,0,1,0
37062,246,0,13226,26543,0,1804,3,0,"0000-00-00 00:00:00","0000-00-00 00:00:00","0000-00-00 00:00:00",11,0,311,"к3**ун","золотистый","Опель-Вектра","Юго-запад","2",9,10,0,1,0
37369,245,0,12867,20908,0,1820,3,0,"0000-00-00 00:00:00","0000-00-00 00:00:00","0000-00-00 00:00:00",1101,0,0,"ВАЗ 2110","Юго-запад","2","513087","10",0,1,0,0,0
37064,256,474306,12659,20709,0,2,0,13,"0000-00-00 00:00:00","0000-00-00 00:00:00","0000-00-00 00:00:00",0,19,0,"бордовый","ВАЗ 21099","Север","2","512827",9,0,1,0,0
37065,243,0,12791,20840,0,1743,3,0,"0000-00-00 00:00:00","0000-00-00 00:00:00","0000-00-00 00:00:00",11,0,106,"м8**он11","песочный","Дэу Нексия","Юго-запад","2",9,10,0,1,0
37372,249,0,14226,27224,0,4,0,13,"0000-00-00 00:00:00","0000-00-00 00:00:00","0000-00-00 00:00:00",0,0,0,"2","513189","10","0","1",0,0,0,0,0
37067,256,0,13416,21445,0,1700,2,0,"0000-00-00 00:00:00","0000-00-00 00:00:00","0000-00-00 00:00:00",8,0,2086,"о9**ав11","темно-зеленый","Рено-лагуна","Север","2",9,10,0,1,0
37068,243,474643,13477,21505,0,4,0,13,"0000-00-00 00:00:00","0000-00-00 00:00:00","0000-00-00 00:00:00",0,844,0,"серебристый","ВАЗ 2111","Юго-восток","2","513219",9,0,1,0,0
37069,246,474597,12819,20860,0,1809,4,0,"0000-00-00 00:00:00","0000-00-00 00:00:00","0000-00-00 00:00:00",6,0,207,"о3**км11","черный","Киа - Спектра","Юго-восток","2",9,20,0,1,0
37070,249,474714,12948,20989,0,1763,1,0,"0000-00-00 00:00:00","0000-00-00 00:00:00","0000-00-00 00:00:00",6,0,95,"о9**кс11","темно-серый","Форд Фокус","Центр","2",9,20,0,1,0
37071,256,0,13119,21157,0,1700,3,0,"0000-00-00 00:00:00","0000-00-00 00:00:00","0000-00-00 00:00:00",6,0,660,"н6**тс11","бордовый","ВАЗ 2115","Юго-запад","1",9,40,1,0,0
37072,256,0,13414,21443,0,3,0,13,"0000-00-00 00:00:00","0000-00-00 00:00:00","0000-00-00 00:00:00",0,2083,0,"синий","Дэу Нексия","Юго-запад","2","512951",9,0,1,0,0
37073,243,0,12764,20813,0,1747,2,0,"0000-00-00 00:00:00","0000-00-00 00:00:00","0000-00-00 00:00:00",9,0,52,"н7**ло11","красный","Мицубиси","Север","2",9,40,0,1,0
37075,249,0,12941,20982,0,1763,1,0,"0000-00-00 00:00:00","0000-00-00 00:00:00","0000-00-00 00:00:00",6,0,88,"о4**кн11","темно-серый","Лада Калина","Центр","2",9,10,0,1,0
37076,246,0,13238,21270,0,1809,4,0,"0000-00-00 00:00:00","0000-00-00 00:00:00","0000-00-00 00:00:00",5,0,0,"н0**уу11","серебристый","Лада Приора","Юго-восток","2",9,10,0,1,0
37373,249,474705,12880,20921,0,2,0,13,"0000-00-00 00:00:00","0000-00-00 00:00:00","0000-00-00 00:00:00",0,0,0,"Север","2","513316","20","0",1,0,0,0,0
37079,246,474661,12855,20896,0,1804,2,0,"0000-00-00 00:00:00","0000-00-00 00:00:00","0000-00-00 00:00:00",7,0,285,"о1**еа11","серебристый","Форд Мандео","Север","2",9,20,0,1,0
37080,246,0,12597,20648,0,1804,3,0,"0000-00-00 00:00:00","0000-00-00 00:00:00","0000-00-00 00:00:00",10,0,3045,"н5**оа11","красный","Хёндай - Соната","Юго-запад","2",9,10,0,1,0
37081,256,0,13402,21431,0,1700,3,0,"0000-00-00 00:00:00","0000-00-00 00:00:00","0000-00-00 00:00:00",9,0,2059,"н1**хк11","светло-бежевый","Хёндай Акцент","Юго-запад","2",9,10,0,1,0
37374,256,474726,12657,20707,0,2,0,13,"0000-00-00 00:00:00","0000-00-00 00:00:00","0000-00-00 00:00:00",0,0,0,"Север","2","513306","20","0",1,0,0,0,0
37083,243,474755,12801,20845,0,1747,2,0,"0000-00-00 00:00:00","0000-00-00 00:00:00","0000-00-00 00:00:00",8,0,198,"о5**ев11","серебристый","Дэу Нексия","Север","2",9,20,0,1,0
37084,246,0,13133,26564,0,4,0,13,"0000-00-00 00:00:00","0000-00-00 00:00:00","0000-00-00 00:00:00",0,10,0,"черный","Лада Приора","Юго-восток","2","513149",9,0,1,0,0
37085,249,0,12893,20934,0,3,0,13,"0000-00-00 00:00:00","0000-00-00 00:00:00","0000-00-00 00:00:00",0,35,0,"серебристый","Фольцваген-пасс","Юго-запад","2","513109",9,0,1,0,0
37086,246,474676,13169,26542,0,1804,2,0,"0000-00-00 00:00:00","0000-00-00 00:00:00","0000-00-00 00:00:00",9,0,49,"о1**ку","серебристый","Лада Калина","в город","2",9,20,0,1,0
37087,249,0,12951,20992,0,1763,3,0,"0000-00-00 00:00:00","0000-00-00 00:00:00","0000-00-00 00:00:00",9,0,98,"н8**мн11","бордовый","Сенс","Юго-запад","2",9,40,0,1,0
37088,243,474438,13068,21106,0,1743,2,0,"0000-00-00 00:00:00","0000-00-00 00:00:00","0000-00-00 00:00:00",9,0,0,"н8**уу11","серебристый","КИА СИД","Север","2",9,20,0,1,0
37089,246,474671,14061,20839,0,1804,3,0,"0000-00-00 00:00:00","0000-00-00 00:00:00","0000-00-00 00:00:00",8,0,12,"н0**уу11","серый","Лада Приора Универсал","Юго-запад","2",9,20,0,1,0
37090,245,0,13304,21335,0,1820,4,0,"0000-00-00 00:00:00","0000-00-00 00:00:00","0000-00-00 00:00:00",14,0,1150,"о0**ку11","синий","Дэу Нексия","Юго-восток","2",9,10,0,1,0
37375,245,0,13310,23065,0,3,0,13,"0000-00-00 00:00:00","0000-00-00 00:00:00","0000-00-00 00:00:00",0,0,0,"2","513327","10","0","1",0,0,0,0,0
37096,243,0,12792,20841,0,1,0,13,"0000-00-00 00:00:00","0000-00-00 00:00:00","0000-00-00 00:00:00",0,156,0,"черный","Дэу Нексия","Центр","2","513220",9,0,1,0,0
37098,243,474598,12769,20818,0,1747,2,0,"0000-00-00 00:00:00","0000-00-00 00:00:00","0000-00-00 00:00:00",4,0,61,"н4**еп11","сине-зеленый","Тайота Карина","Север","2",9,20,0,1,0
37095,249,474708,12907,20948,1767,1763,3,0,"0000-00-00 00:00:00","0000-00-00 00:00:00","0000-00-00 00:00:00",5,0,52,"н8**тх11","серый","Рено Логан","Юго-запад","2",9,20,0,1,0
37101,243,474624,13476,21504,0,2,0,13,"0000-00-00 00:00:00","0000-00-00 00:00:00","0000-00-00 00:00:00",0,842,0,"серебристый","ВАЗ 2110","Север","2","513195",9,0,1,0,0
37102,246,474748,13601,21190,0,1809,4,0,"0000-00-00 00:00:00","0000-00-00 00:00:00","0000-00-00 00:00:00",10,0,308,"о2**вм11","синий","Рено Логан","Юго-восток","2",9,20,0,1,0
37105,243,474593,12751,20800,0,1747,1,0,"0000-00-00 00:00:00","0000-00-00 00:00:00","0000-00-00 00:00:00",7,0,26,"н2**нх11","светло-серый","Рено Логан","Центр","2",9,20,0,1,0
37107,249,0,12938,20979,0,1767,3,0,"0000-00-00 00:00:00","0000-00-00 00:00:00","0000-00-00 00:00:00",7,0,85,"н9**ол11","серебристый","ДЭУ","Юго-запад","2",9,10,0,1,0
37108,249,0,12987,21025,0,1767,2,0,"0000-00-00 00:00:00","0000-00-00 00:00:00","0000-00-00 00:00:00",6,0,726,"н3**кк11","серебристый","ВАЗ 2110","Север","1",9,40,0,1,0
37109,246,0,13802,26722,0,1804,3,0,"0000-00-00 00:00:00","0000-00-00 00:00:00","0000-00-00 00:00:00",8,0,3003,"н2**хк11","серый","Ниссан Максима","Юго-запад","2",9,10,0,1,0
37121,246,0,13546,26428,0,1804,2,0,"0000-00-00 00:00:00","0000-00-00 00:00:00","0000-00-00 00:00:00",9,0,297,"н8**оо","черный","Мицубиси","Север","2",9,10,0,1,0
37111,243,0,12793,20842,0,3,0,13,"0000-00-00 00:00:00","0000-00-00 00:00:00","0000-00-00 00:00:00",0,159,0,"белый","Дэу Нексия","Юго-запад","2","513208",9,0,1,0,0
37112,256,0,13831,27121,0,1700,4,0,"0000-00-00 00:00:00","0000-00-00 00:00:00","0000-00-00 00:00:00",7,0,7010,"н5**оо","серебристый","ВАЗ 2111","Юго-восток","2",9,10,3,1,0
37113,245,0,12625,20675,0,1824,2,0,"0000-00-00 00:00:00","0000-00-00 00:00:00","0000-00-00 00:00:00",8,0,1242,"о1**ек11","зеленый","ВАЗ 2115","Север","2",9,10,0,1,0
37114,256,474689,12676,20725,0,3,0,13,"0000-00-00 00:00:00","0000-00-00 00:00:00","0000-00-00 00:00:00",0,66,0,"черный","Лада Приора","Юго-запад","2","513272",9,0,1,0,0
37115,246,474510,13224,21163,0,2,0,13,"0000-00-00 00:00:00","0000-00-00 00:00:00","0000-00-00 00:00:00",0,309,0,"серебристый","ВАЗ 2112","Север","2","513061",9,0,1,0,0
37117,249,0,13018,21056,0,2,0,13,"0000-00-00 00:00:00","0000-00-00 00:00:00","0000-00-00 00:00:00",0,784,0,"серебристый","ВАЗ 2114","Север","1","513067",9,0,1,0,0
37118,245,474662,14184,27164,0,1824,2,0,"0000-00-00 00:00:00","0000-00-00 00:00:00","0000-00-00 00:00:00",8,0,0,"о6**ек11","белый","Лада Приора","Север","2",9,20,0,1,0
37119,249,474644,13442,21470,0,3,0,13,"0000-00-00 00:00:00","0000-00-00 00:00:00","0000-00-00 00:00:00",0,5147,0,"серебристый","ВАЗ 2110","Юго-запад","2","513216",9,0,1,0,0
37120,243,0,13461,21489,0,1747,1,0,"0000-00-00 00:00:00","0000-00-00 00:00:00","0000-00-00 00:00:00",8,0,811,"о0**ео11","вишневый","Лада Калина","Центр","2",9,10,0,1,0
37122,249,474686,14101,27041,0,-1,0,13,"0000-00-00 00:00:00","0000-00-00 00:00:00","0000-00-00 00:00:00",0,306,0,"бежевый","Киа - Спектра","0","2","513261",9,0,1,0,0
37126,245,474701,12639,20689,0,1824,2,0,"0000-00-00 00:00:00","0000-00-00 00:00:00","0000-00-00 00:00:00",6,0,1275,"о6**ах11","золотистый","ДЭУ Матиз","Север","2",9,20,0,1,0
37127,249,474744,12944,20985,0,4,0,13,"0000-00-00 00:00:00","0000-00-00 00:00:00","0000-00-00 00:00:00",0,91,0,"серебристый","ВАЗ 2115","Юго-восток","2","513325",9,0,1,0,0
37128,246,474554,13192,21229,0,2,0,13,"0000-00-00 00:00:00","0000-00-00 00:00:00","0000-00-00 00:00:00",0,73,0,"серебристый","Лада Приора","Север","2","513114",9,0,1,0,0
37129,246,474549,13199,21236,0,1804,2,0,"0000-00-00 00:00:00","0000-00-00 00:00:00","0000-00-00 00:00:00",5,0,81,"о4**аа11","вишневый","Рено Логан","Север","2",9,20,0,1,0
37130,249,474695,12959,20996,0,1763,1,0,"0000-00-00 00:00:00","0000-00-00 00:00:00","0000-00-00 00:00:00",6,0,354,"о7**ео11","песочный","Дэу Нексия","Центр","2",9,20,0,1,0
37131,256,474626,14161,23436,0,1700,4,0,"0000-00-00 00:00:00","0000-00-00 00:00:00","0000-00-00 00:00:00",5,0,2067,"н5**ос11","темно-серый","Лада Калина","Юго-восток","2",9,20,0,1,0
37133,243,474409,12810,20851,0,1743,1,0,"0000-00-00 00:00:00","0000-00-00 00:00:00","0000-00-00 00:00:00",5,0,361,"н0**мс11","черный","ДЭУ","Центр","2",9,20,0,1,0
37134,246,474665,12818,20859,0,2,0,13,"0000-00-00 00:00:00","0000-00-00 00:00:00","0000-00-00 00:00:00",0,206,0,"черный","Киа - Спектра","Север","2","513241",9,0,1,0,0
37135,256,474699,13418,21447,0,2,0,13,"0000-00-00 00:00:00","0000-00-00 00:00:00","0000-00-00 00:00:00",0,2091,0,"серебристый","Киа - Рио","Север","2","513274",9,0,1,0,0
37139,256,0,12571,20622,0,4,0,13,"0000-00-00 00:00:00","0000-00-00 00:00:00","0000-00-00 00:00:00",0,524,0,"зеленый","ВАЗ 21099","Юго-восток","2","513077",9,0,1,0,0
37140,245,474719,12617,20667,0,1820,3,0,"0000-00-00 00:00:00","0000-00-00 00:00:00","0000-00-00 00:00:00",6,0,1221,"о3**вр11","черный","ВАЗ 2114","Юго-запад","2",9,20,0,1,0
37142,256,0,14210,27188,0,1700,3,0,"0000-00-00 00:00:00","0000-00-00 00:00:00","0000-00-00 00:00:00",6,0,568,"н6**уе11","темно-зеленый","ВАЗ 21099","Юго-запад","2",9,10,0,1,0
37143,246,0,13221,21256,0,3,0,13,"0000-00-00 00:00:00","0000-00-00 00:00:00","0000-00-00 00:00:00",0,306,0,"серый","Рено Логан","Юго-запад","2","513146",9,0,1,0,0
37144,246,474718,12833,20874,0,1804,4,0,"0000-00-00 00:00:00","0000-00-00 00:00:00","0000-00-00 00:00:00",4,0,223,"о5**ев11","черный","Опель Астра Универсал","Юго-восток","2",9,20,0,1,0
37145,256,0,12697,20746,0,1700,4,0,"0000-00-00 00:00:00","0000-00-00 00:00:00","0000-00-00 00:00:00",7,0,914,"о4**ен11","серебристый","ВАЗ 2107","Юго-восток","2",9,40,0,1,0
37149,243,474504,13494,21522,0,1743,3,0,"0000-00-00 00:00:00","0000-00-00 00:00:00","0000-00-00 00:00:00",4,0,8235,"о4**кн11","белый","Тайота Приус","Юго-запад","2",9,20,0,1,0
37150,256,0,12700,20749,0,2,0,13,"0000-00-00 00:00:00","0000-00-00 00:00:00","0000-00-00 00:00:00",0,917,0,"синий","ВАЗ 2107","Север","2","513095",9,0,1,0,0
37151,246,474679,12838,20879,0,1804,3,0,"0000-00-00 00:00:00","0000-00-00 00:00:00","0000-00-00 00:00:00",10,0,231,"о1**ех11","темно-серый","Форд Фокус","Юго-запад","2",9,20,0,1,0
37152,243,474680,13289,21320,0,3,0,13,"0000-00-00 00:00:00","0000-00-00 00:00:00","0000-00-00 00:00:00",0,31,0,"черный","Лада Приора","Юго-запад","2","513257",9,0,1,0,0
37154,256,0,13784,26703,0,1700,4,0,"0000-00-00 00:00:00","0000-00-00 00:00:00","0000-00-00 00:00:00",5,0,613,"о0**ео11","серебристый","ВАЗ 2115","Юго-восток","2",9,40,1,0,0
37155,256,474611,12720,20769,0,3,0,13,"0000-00-00 00:00:00","0000-00-00 00:00:00","0000-00-00 00:00:00",0,985,0,"серебристый","Нива","Юго-запад","2","513184",9,0,1,0,0
37156,256,474713,13109,21147,0,1700,4,0,"0000-00-00 00:00:00","0000-00-00 00:00:00","0000-00-00 00:00:00",5,0,617,"н3**та11","голубой","Форд Фьюжин","в город","2",9,20,1,0,0
37157,256,0,13925,26846,0,3,0,13,"0000-00-00 00:00:00","0000-00-00 00:00:00","0000-00-00 00:00:00",0,2041,0,"серый","Рено Логан","Юго-запад","2","512995",9,0,1,0,0
37158,243,474552,13451,21479,0,2,0,13,"0000-00-00 00:00:00","0000-00-00 00:00:00","0000-00-00 00:00:00",0,801,0,"черный","Лада Приора","Север","2","513113",9,0,1,0,0
37159,256,0,13928,26849,0,2,0,13,"0000-00-00 00:00:00","0000-00-00 00:00:00","0000-00-00 00:00:00",0,2064,0,"синий","Шевроле Ланос","Север","2","513175",9,0,1,0,0
37160,245,474666,13327,21357,0,1820,3,0,"0000-00-00 00:00:00","0000-00-00 00:00:00","0000-00-00 00:00:00",6,0,1177,"н2**то11","черный","ГАЗ 31105","Юго-запад","2",9,20,0,1,0
37162,245,474736,13345,21375,0,1820,2,0,"0000-00-00 00:00:00","0000-00-00 00:00:00","0000-00-00 00:00:00",4,0,1198,"н7**еу11","серебристый","Шевроле","Север","2",9,20,0,1,0
37163,245,0,13343,21373,0,4,0,13,"0000-00-00 00:00:00","0000-00-00 00:00:00","0000-00-00 00:00:00",0,1195,0,"бежевый","Рено Логан","Юго-восток","2","513228",9,0,1,0,0
37165,256,0,12568,20619,0,3,0,13,"0000-00-00 00:00:00","0000-00-00 00:00:00","0000-00-00 00:00:00",0,515,0,"темно-фиолетовы","ВАЗ 21099","Юго-запад","2","512621",9,0,1,0,0
37164,249,474458,12981,21019,0,1763,2,0,"0000-00-00 00:00:00","0000-00-00 00:00:00","0000-00-00 00:00:00",4,0,717,"н6**хе11","серебристый","Волга- Сайбер","Север","2",9,20,0,1,0
37166,245,474706,13336,21366,0,1824,1,0,"0000-00-00 00:00:00","0000-00-00 00:00:00","0000-00-00 00:00:00",4,0,1187,"к3**рр11","темно-синий","Мазда","Центр","2",9,20,0,1,0
37167,245,474659,13338,21368,0,1824,3,0,"0000-00-00 00:00:00","0000-00-00 00:00:00","0000-00-00 00:00:00",7,0,1189,"о6**ек11","темно-вишневый","Лада Приора","Юго-запад","2",9,20,0,1,0
37168,243,474500,13489,21517,0,1747,3,0,"0000-00-00 00:00:00","0000-00-00 00:00:00","0000-00-00 00:00:00",5,0,887,"а9**мх11","вишневый","Дэу Нексия","Юго-запад","2",9,20,0,1,0
37169,246,0,13189,21226,0,-1,0,13,"0000-00-00 00:00:00","0000-00-00 00:00:00","0000-00-00 00:00:00",0,70,0,"золотистый","КИА Церато","0","2","512962",9,0,1,0,0
37170,245,474752,14045,26989,0,1,0,13,"0000-00-00 00:00:00","0000-00-00 00:00:00","0000-00-00 00:00:00",0,1208,0,"синий","ВАЗ 2112","Центр","2","513328",9,0,1,0,0
37171,246,474754,13228,21175,0,4,0,13,"0000-00-00 00:00:00","0000-00-00 00:00:00","0000-00-00 00:00:00",0,313,0,"серый","Рено Логан","Юго-восток","2","513333",9,0,1,0,0
37172,245,0,13288,21319,0,1,0,13,"0000-00-00 00:00:00","0000-00-00 00:00:00","0000-00-00 00:00:00",0,1130,0,"серо-голубой","ВАЗ 2110","Центр","2","513079",9,0,1,0,0
37173,246,0,12832,20873,0,3,0,13,"0000-00-00 00:00:00","0000-00-00 00:00:00","0000-00-00 00:00:00",0,222,0,"темно-фиолетовы","Форд Фокус","Юго-запад","2","513210",9,0,1,0,0
37174,256,0,13764,26664,0,3,0,13,"0000-00-00 00:00:00","0000-00-00 00:00:00","0000-00-00 00:00:00",0,2012,0,"красный","Шевроле - Авео","Юго-запад","2","512869",9,0,1,0,0
37175,249,474613,13008,21046,0,1763,2,0,"0000-00-00 00:00:00","0000-00-00 00:00:00","0000-00-00 00:00:00",6,0,760,"о6**ен11","голубой","Дэу Нексия","Север","2",9,20,0,1,0
37176,256,474731,13396,21425,0,1706,2,0,"0000-00-00 00:00:00","0000-00-00 00:00:00","0000-00-00 00:00:00",5,0,2053,"н7**ук11","черный","Рено Логан","Север","2",9,20,0,1,0
37177,243,474480,13587,26487,0,1,0,13,"0000-00-00 00:00:00","0000-00-00 00:00:00","0000-00-00 00:00:00",0,832,0,"серебристый","Шевроле - Авео","Центр","2","513028",9,0,1,0,0
37178,256,0,12649,20699,0,1700,3,0,"0000-00-00 00:00:00","0000-00-00 00:00:00","0000-00-00 00:00:00",6,0,7,"н9**хо11","черный","Дэу Нексия","Юго-запад","2",9,10,0,1,0
37179,249,0,12919,21279,0,4,0,13,"0000-00-00 00:00:00","0000-00-00 00:00:00","0000-00-00 00:00:00",0,65,0,"оранжевый","ВАЗ 2110","Юго-восток","2","512741",9,0,1,0,0
37180,243,0,13491,21519,0,1743,4,0,"0000-00-00 00:00:00","0000-00-00 00:00:00","0000-00-00 00:00:00",7,0,890,"о7**кс11","темно-синий","Лада Калина","Юго-восток","1",9,10,2,1,0
37181,245,474745,13267,21298,0,1820,3,0,"0000-00-00 00:00:00","0000-00-00 00:00:00","0000-00-00 00:00:00",3,0,1106,"н6**нн11","темно-зеленый","Киа - Рио","Юго-запад","2",9,20,0,1,0
37182,246,474734,13174,21211,0,1804,2,0,"0000-00-00 00:00:00","0000-00-00 00:00:00","0000-00-00 00:00:00",7,0,54,"н2**он11","темно-серый","Рено Логан","Север","2",9,20,0,1,0
37183,256,0,13841,26225,0,1700,-1,0,"0000-00-00 00:00:00","0000-00-00 00:00:00","0000-00-00 00:00:00",4,0,2003,"н5**оо11","серебристый","Хёндай Акцент","0","2",9,10,0,1,0
37184,246,474741,12850,20891,0,1804,2,0,"0000-00-00 00:00:00","0000-00-00 00:00:00","0000-00-00 00:00:00",9,0,265,"н0**мр11","черный","Фольцваген-Джет","Север","2",9,20,0,1,0
37186,245,0,14205,27190,0,1824,-1,0,"0000-00-00 00:00:00","0000-00-00 00:00:00","0000-00-00 00:00:00",7,0,1168,"о5**кх11","серебристый","ВАЗ 2112","0","2",9,10,0,1,0
37187,249,0,13027,21065,0,1763,2,0,"0000-00-00 00:00:00","0000-00-00 00:00:00","0000-00-00 00:00:00",4,0,797,"х9**хх11","темно-синий","Мицубиси","Север","2",9,10,0,1,0
37189,246,474658,13153,21191,0,1804,2,0,"0000-00-00 00:00:00","0000-00-00 00:00:00","0000-00-00 00:00:00",7,0,32,"н1**уа11","темно-серый","Рено Логан","Север","2",9,20,0,1,0
37194,249,0,12912,20953,0,4,0,13,"0000-00-00 00:00:00","0000-00-00 00:00:00","0000-00-00 00:00:00",0,57,0,"красный","Форд Фокус","Юго-восток","2","512677",9,0,1,0,0
37195,256,474743,12678,20727,0,1700,2,0,"0000-00-00 00:00:00","0000-00-00 00:00:00","0000-00-00 00:00:00",5,0,73,"н3**ра11","серебристый","ВАЗ 2115","Север","2",9,20,0,1,0
37200,246,474667,13182,26988,0,1804,2,0,"0000-00-00 00:00:00","0000-00-00 00:00:00","0000-00-00 00:00:00",7,0,62,"о1**кх11","синий","Опель-Астра","Север","2",9,20,0,1,0
37203,246,0,13168,21206,0,-1,0,13,"0000-00-00 00:00:00","0000-00-00 00:00:00","0000-00-00 00:00:00",0,48,0,"черный","Лада Калина","0","2","513137",9,0,1,0,0
37204,249,474625,12966,21004,0,3,0,13,"0000-00-00 00:00:00","0000-00-00 00:00:00","0000-00-00 00:00:00",0,491,0,"вишневый","ВАЗ 2107","Юго-запад","2","513196",9,0,1,0,0
37205,245,474683,13274,21305,0,1820,4,0,"0000-00-00 00:00:00","0000-00-00 00:00:00","0000-00-00 00:00:00",4,0,1115,"о6**вм11","черный","Опель Астра Универсал","Юго-восток","2",9,20,0,1,0
37207,243,474615,13481,21509,0,1743,2,0,"0000-00-00 00:00:00","0000-00-00 00:00:00","0000-00-00 00:00:00",4,0,859,"о0**вм11","бежевый","Рено Логан","Север","2",9,20,0,1,0
37208,243,0,12809,20850,0,1743,1,0,"0000-00-00 00:00:00","0000-00-00 00:00:00","0000-00-00 00:00:00",4,0,359,"в3**он11","синий","ДЭУ","Центр","2",9,40,0,1,0
37209,256,474531,13685,23280,0,4,0,13,"0000-00-00 00:00:00","0000-00-00 00:00:00","0000-00-00 00:00:00",0,509,0,"серебристый","ВАЗ 2115","Юго-восток","2","513091",9,0,1,0,0
37210,256,474730,13663,26562,0,1700,3,0,"0000-00-00 00:00:00","0000-00-00 00:00:00","0000-00-00 00:00:00",6,0,69,"о3**кт","серебристо-беже","ВАЗ 2110","Юго-запад","2",9,20,0,1,0
37211,256,474691,12693,20742,0,1700,3,0,"0000-00-00 00:00:00","0000-00-00 00:00:00","0000-00-00 00:00:00",4,0,908,"н0**рн11","синий","ВАЗ 2107","Юго-запад","2",9,20,0,1,0
37212,249,474710,12864,20905,0,3,0,13,"0000-00-00 00:00:00","0000-00-00 00:00:00","0000-00-00 00:00:00",0,3,0,"темно-бордовый","ВАЗ 2112","Юго-запад","2","513284",9,0,1,0,0
37219,249,0,12972,21010,0,2,0,13,"0000-00-00 00:00:00","0000-00-00 00:00:00","0000-00-00 00:00:00",0,706,0,"серебристый","ВАЗ 2115","Север","2","513135",9,0,1,0,0
37221,246,473970,12607,20658,0,1,0,13,"0000-00-00 00:00:00","0000-00-00 00:00:00","0000-00-00 00:00:00",0,3097,0,"песочный","Шевроле - Круз","Центр","2","512470",9,0,1,0,0
37224,256,0,13413,21442,0,2,0,13,"0000-00-00 00:00:00","0000-00-00 00:00:00","0000-00-00 00:00:00",0,2081,0,"красный","Лада Калина","Север","2","513176",9,0,1,0,0
37225,249,474568,12866,20907,0,1,0,13,"0000-00-00 00:00:00","0000-00-00 00:00:00","0000-00-00 00:00:00",0,5,0,"черный","Форд Фокус","Центр","2","513129",9,0,1,0,0
37227,249,0,12956,26862,0,4,0,13,"0000-00-00 00:00:00","0000-00-00 00:00:00","0000-00-00 00:00:00",0,315,0,"темно-коричневы","Тайота","Юго-восток","2","512728",9,0,1,0,0
37228,246,474707,12830,20871,0,2,0,13,"0000-00-00 00:00:00","0000-00-00 00:00:00","0000-00-00 00:00:00",0,219,0,"серый","Фольцваген-поло","Север","2","513282",9,0,1,0,0
37231,249,474733,13263,21294,0,3,0,13,"0000-00-00 00:00:00","0000-00-00 00:00:00","0000-00-00 00:00:00",0,6,0,"черный","Хёндай Акцент","Юго-запад","2","513308",9,0,1,0,0
37233,256,0,13410,21439,0,1706,4,0,"0000-00-00 00:00:00","0000-00-00 00:00:00","0000-00-00 00:00:00",4,0,2074,"н7**ср11","черный","ВАЗ 2110","Юго-восток","2",9,10,0,1,0
37234,245,473796,13276,21307,0,1824,4,0,"0000-00-00 00:00:00","0000-00-00 00:00:00","0000-00-00 00:00:00",2,0,1118,"н7**рн11","серебристый","Шевроле - Авео","Юго-восток","1",9,20,2,1,0
37235,249,474738,12887,20928,0,1,0,13,"0000-00-00 00:00:00","0000-00-00 00:00:00","0000-00-00 00:00:00",0,29,0,"синий","Шевроле универс","Центр","2","513312",9,0,1,0,0
37237,256,474640,13398,21427,0,3,0,13,"0000-00-00 00:00:00","0000-00-00 00:00:00","0000-00-00 00:00:00",0,2055,0,"черный","Рено Логан","Юго-запад","2","513225",9,0,1,0,0
37238,246,474618,12840,20881,0,4,0,13,"0000-00-00 00:00:00","0000-00-00 00:00:00","0000-00-00 00:00:00",0,234,0,"серебристый","Ниссан Альмера","Юго-восток","2","513183",9,0,1,0,0
37239,246,0,13198,26981,0,1804,3,0,"0000-00-00 00:00:00","0000-00-00 00:00:00","0000-00-00 00:00:00",7,0,80,"н6**ао11","черный","Опель-Вектра","Юго-запад","2",9,10,0,1,0
37240,243,474630,13983,26901,0,1743,3,0,"0000-00-00 00:00:00","0000-00-00 00:00:00","0000-00-00 00:00:00",6,0,23,"н7**оо11","светло-зеленый","Шевроле Ланос","Юго-запад","2",9,20,0,1,0
37242,256,0,13114,21152,0,1700,3,0,"0000-00-00 00:00:00","0000-00-00 00:00:00","0000-00-00 00:00:00",4,0,623,"к8**ка11","синий","ВАЗ 2106","Юго-запад","2",9,10,1,0,0
37243,246,0,13164,21202,0,4,0,13,"0000-00-00 00:00:00","0000-00-00 00:00:00","0000-00-00 00:00:00",0,44,0,"черный","Форд Фокус","Юго-восток","2","513215",9,0,1,0,0
37245,245,0,13305,21336,0,1820,2,0,"0000-00-00 00:00:00","0000-00-00 00:00:00","0000-00-00 00:00:00",5,0,1151,"н7**уу11","серебристый","Хёндай - Соната","Север","2",9,10,0,1,0
37246,245,474685,13329,21359,0,-1,0,13,"0000-00-00 00:00:00","0000-00-00 00:00:00","0000-00-00 00:00:00",0,1179,0,"черный","Лада Приора","0","2","513260",9,0,1,0,0
37248,249,474468,12863,20904,0,1,0,13,"0000-00-00 00:00:00","0000-00-00 00:00:00","0000-00-00 00:00:00",0,2,0,"серебристый","ДЭУ","Центр","2","513036",9,0,1,0,0
37253,249,0,12871,20912,0,1763,4,0,"0000-00-00 00:00:00","0000-00-00 00:00:00","0000-00-00 00:00:00",5,0,10,"н7**то11","серебристый","Фольцваген-гольф","Юго-восток","2",9,10,0,1,0
37256,256,0,13401,21430,0,2,0,13,"0000-00-00 00:00:00","0000-00-00 00:00:00","0000-00-00 00:00:00",0,2058,0,"серебристый","Шевроле - Авео","Север","2","512479",9,0,1,0,0
37257,249,0,12923,20964,1767,1763,1,0,"0000-00-00 00:00:00","0000-00-00 00:00:00","0000-00-00 00:00:00",3,0,69,"н6**ух11","серебристый","Форд Фокус","Центр","2",9,10,0,1,0
37260,249,0,13012,21050,1767,1763,2,0,"0000-00-00 00:00:00","0000-00-00 00:00:00","0000-00-00 00:00:00",3,0,770,"х7**хх11","серебристый","Сузуки","эжва ","2",9,10,0,1,0
37263,249,0,12963,21001,0,4,0,13,"0000-00-00 00:00:00","0000-00-00 00:00:00","0000-00-00 00:00:00",0,2424,0,"вишневый","Киа-Кларус","Юго-восток","2","512840",9,0,1,0,0
37265,245,474709,13296,21327,0,4,0,13,"0000-00-00 00:00:00","0000-00-00 00:00:00","0000-00-00 00:00:00",0,1139,0,"черный","Рено Логан","Юго-восток","2","513285",9,0,1,0,0
37266,246,474724,13247,21278,0,3,0,13,"0000-00-00 00:00:00","0000-00-00 00:00:00","0000-00-00 00:00:00",0,373,0,"серебристый","Киа - Рио","Юго-запад","2","513297",9,0,1,0,0
37272,249,0,12964,21002,0,1763,3,0,"0000-00-00 00:00:00","0000-00-00 00:00:00","0000-00-00 00:00:00",4,0,2491,"н7**ку11","серый","ВАЗ 2112","Юго-запад","2",9,10,0,1,0
37273,249,474556,13014,21052,0,2,0,13,"0000-00-00 00:00:00","0000-00-00 00:00:00","0000-00-00 00:00:00",0,777,0,"синий","Хёндай - Элантр","Север","2","513116",9,0,1,0,0
37274,256,474655,13380,21409,0,1700,2,0,"0000-00-00 00:00:00","0000-00-00 00:00:00","0000-00-00 00:00:00",5,0,2034,"о3**ак11","черный","Рено Логан","Север","2",9,20,0,1,0
37275,243,0,12752,20801,0,1743,3,0,"0000-00-00 00:00:00","0000-00-00 00:00:00","0000-00-00 00:00:00",4,0,28,"н9**ае11","серебристый","ДЭУ","Юго-запад","2",9,10,0,1,0
37278,246,0,14023,26964,0,2,0,13,"0000-00-00 00:00:00","0000-00-00 00:00:00","0000-00-00 00:00:00",0,214,0,"черный","Форд Фокус","Север","2","513082",9,0,1,0,0
37279,243,474636,13498,21526,0,3,0,13,"0000-00-00 00:00:00","0000-00-00 00:00:00","0000-00-00 00:00:00",0,0,0,"сине-зеленый","ВАЗ 21099","Юго-запад","2","513209",9,0,1,0,0
37280,246,0,13149,21187,0,1804,2,0,"0000-00-00 00:00:00","0000-00-00 00:00:00","0000-00-00 00:00:00",3,0,27,"н5**ет11","белый","Шевроле Ланос","Север","2",9,40,0,1,0
37282,243,0,12779,20828,0,1747,1,0,"0000-00-00 00:00:00","0000-00-00 00:00:00","0000-00-00 00:00:00",6,0,83,"о7**вм11","черный","Лада Приора","Центр","2",9,10,0,1,0
37284,243,474669,13475,21503,0,4,0,13,"0000-00-00 00:00:00","0000-00-00 00:00:00","0000-00-00 00:00:00",0,841,0,"синий","ВАЗ 2112","Юго-восток","2","513245",9,0,1,0,0
37287,256,0,12652,20702,0,2,0,13,"0000-00-00 00:00:00","0000-00-00 00:00:00","0000-00-00 00:00:00",0,10,0,"серый","ВАЗ 2114","Север","2","513197",9,0,1,0,0
37290,249,0,12952,20993,0,3,0,13,"0000-00-00 00:00:00","0000-00-00 00:00:00","0000-00-00 00:00:00",0,99,0,"черный","Хёндай гетц","Юго-запад","2","513166",9,0,1,0,0
37292,256,474732,12562,20613,0,1700,3,0,"0000-00-00 00:00:00","0000-00-00 00:00:00","0000-00-00 00:00:00",4,0,507,"о4**кс11","серебристый","ВАЗ 2115","Юго-запад","2",9,20,0,1,0
37294,245,0,14082,27021,0,1820,3,0,"0000-00-00 00:00:00","0000-00-00 00:00:00","0000-00-00 00:00:00",4,0,1203,"н3**ср11","синий","ВАЗ 2109","Юго-запад","2",9,10,0,1,0
37295,246,0,13229,21261,0,1804,2,0,"0000-00-00 00:00:00","0000-00-00 00:00:00","0000-00-00 00:00:00",2,0,314,"о5**ех11","серебристый","Дэу Нексия","Север","2",9,40,0,1,0
37296,246,474635,13177,21214,0,3,0,13,"0000-00-00 00:00:00","0000-00-00 00:00:00","0000-00-00 00:00:00",0,57,0,"серый","Рено Логан","Юго-запад","2","513207",9,0,1,0,0
37297,249,474410,12942,20983,0,1763,3,0,"0000-00-00 00:00:00","0000-00-00 00:00:00","0000-00-00 00:00:00",1,0,89,"о3**вв11","темно-синий","Ауди А6","Юго-запад","2",9,20,0,1,0
37298,243,474687,13485,21513,0,1743,3,0,"0000-00-00 00:00:00","0000-00-00 00:00:00","0000-00-00 00:00:00",5,0,873,"о0**ех11","черный","Рено Логан","0","2",9,20,0,1,0
37299,249,474735,12928,20969,0,3,0,13,"0000-00-00 00:00:00","0000-00-00 00:00:00","0000-00-00 00:00:00",0,74,0,"черный","Дэу Нексия","Юго-запад","2","513310",9,0,1,0,0
37300,249,0,12905,20946,0,2,0,13,"0000-00-00 00:00:00","0000-00-00 00:00:00","0000-00-00 00:00:00",0,49,0,"серебристый","ГАЗ 31105","Север","2","513068",9,0,1,0,0
37303,246,474481,13408,24776,0,1804,3,0,"0000-00-00 00:00:00","0000-00-00 00:00:00","0000-00-00 00:00:00",4,0,298,"о9**кн11","черный","Шевроле - Авео","Юго-запад","2",9,20,0,1,0
37304,249,0,13444,21472,0,2,0,13,"0000-00-00 00:00:00","0000-00-00 00:00:00","0000-00-00 00:00:00",0,5155,0,"серебристый","Шевроле - Круз","Север","2","512515",9,0,1,0,0
37305,243,0,12755,20804,0,3,0,13,"0000-00-00 00:00:00","0000-00-00 00:00:00","0000-00-00 00:00:00",0,36,0,"серебристый","ВАЗ 2111","Юго-запад","2","513186",9,0,1,0,0
37306,256,0,12683,20732,0,3,0,13,"0000-00-00 00:00:00","0000-00-00 00:00:00","0000-00-00 00:00:00",0,89,0,"черный","ВАЗ 2110","Юго-запад","2","513127",9,0,1,0,0
37307,249,474690,12862,20903,0,1763,-1,0,"0000-00-00 00:00:00","0000-00-00 00:00:00","0000-00-00 00:00:00",2,0,1,"о0**еу11","серебристый","Дэу Нексия","0","2",9,20,0,1,0
37308,246,0,13154,21192,0,1804,4,0,"0000-00-00 00:00:00","0000-00-00 00:00:00","0000-00-00 00:00:00",4,0,33,"н8**уе11","темно-синий","Хёндай гетц","Юго-восток","2",9,10,0,1,0
37309,246,474656,12836,20877,0,3,0,13,"0000-00-00 00:00:00","0000-00-00 00:00:00","0000-00-00 00:00:00",0,226,0,"черный","Лексус ЛС-400","Юго-запад","2","513234",9,0,1,0,0
37310,246,474581,12821,20862,0,1804,2,0,"0000-00-00 00:00:00","0000-00-00 00:00:00","0000-00-00 00:00:00",2,0,209,"н3**рп11","синий","Мерседес","Север","2",9,20,0,1,0
37311,243,474627,12795,20843,0,2,0,13,"0000-00-00 00:00:00","0000-00-00 00:00:00","0000-00-00 00:00:00",0,166,0,"серебристый","ВАЗ 2110","Север","2","513199",9,0,1,0,0
37313,246,0,12816,20857,0,3,0,13,"0000-00-00 00:00:00","0000-00-00 00:00:00","0000-00-00 00:00:00",0,204,0,"черный","Шевроле универс","Юго-запад","2","513058",9,0,1,0,0
37314,249,0,13431,21459,0,1763,1,0,"0000-00-00 00:00:00","0000-00-00 00:00:00","0000-00-00 00:00:00",4,0,5122,"о4**ен11","темно-зеленый","Ниссан Максима","Центр","2",9,10,0,1,0
26148,254,0,13506,20852,1903,1882,-1,0,"0000-00-00 00:00:00","0000-00-00 00:00:00","0000-00-00 00:00:00",1000,0,0,"Тайота Камри","0","383444","10","0",1,0,0,0,0
37188,243,474684,13040,21078,1747,1743,2,0,"0000-00-00 00:00:00","0000-00-00 00:00:00","0000-00-00 00:00:00",3,0,0,"н3**уа11","черный","ВАЗ 2114","Север","2",9,20,0,1,0
37346,245,474737,13966,26883,0,2,0,13,"0000-00-00 00:00:00","0000-00-00 00:00:00","0000-00-00 00:00:00",0,1206,0,"бордовый","ВАЗ 21099","Север","2","513313",9,0,1,0,0
37197,243,474652,12763,20812,1747,1,0,13,"0000-00-00 00:00:00","0000-00-00 00:00:00","0000-00-00 00:00:00",0,51,0,"серый","КИА Церато","Центр","2","513230",9,0,1,0,0
37199,243,474688,12802,20846,1747,2,0,13,"0000-00-00 00:00:00","0000-00-00 00:00:00","0000-00-00 00:00:00",0,303,0,"серый","Лада Приора","Север","2","513266",9,0,1,0,0
37201,243,0,13641,26541,1747,3,0,13,"0000-00-00 00:00:00","0000-00-00 00:00:00","0000-00-00 00:00:00",0,834,0,"вишневый","Дэу Нексия","Юго-запад","2","513168",9,0,1,0,0
37202,243,474720,13583,22048,1747,1,0,13,"0000-00-00 00:00:00","0000-00-00 00:00:00","0000-00-00 00:00:00",0,839,0,"белый","Ауди 100 Универ","Центр","2","513294",9,0,1,0,0
37206,243,474442,13069,21107,1747,1743,1,0,"0000-00-00 00:00:00","0000-00-00 00:00:00","0000-00-00 00:00:00",4,0,0,"н2**рр11","зеленый","ВАЗ 2112","Центр","2",9,20,0,1,0
37315,246,0,12605,20656,0,3,0,13,"0000-00-00 00:00:00","0000-00-00 00:00:00","0000-00-00 00:00:00",0,3089,0,"красный","Мазда","Юго-запад","2","513132",9,0,1,0,0
37316,246,474663,13201,21238,0,1804,4,0,"0000-00-00 00:00:00","0000-00-00 00:00:00","0000-00-00 00:00:00",3,0,85,"н7**су11","серый","Киа - Спектра","Юго-восток","2",9,20,0,1,0
37317,256,474622,12670,20720,0,1700,2,0,"0000-00-00 00:00:00","0000-00-00 00:00:00","0000-00-00 00:00:00",4,0,52,"н1**хс11","синий","Дэу Нексия","Север","2",9,20,0,1,0
37318,246,474632,12814,20855,0,3,0,13,"0000-00-00 00:00:00","0000-00-00 00:00:00","0000-00-00 00:00:00",0,202,0,"белый","Ауди А4","Юго-запад","2","513224",9,0,1,0,0
37319,245,0,13826,26745,0,1820,3,0,"0000-00-00 00:00:00","0000-00-00 00:00:00","0000-00-00 00:00:00",4,0,1146,"н7**кн11","темно-синий","Мерседес","Юго-запад","2",9,10,0,1,0
37320,246,0,13664,24431,0,1,0,13,"0000-00-00 00:00:00","0000-00-00 00:00:00","0000-00-00 00:00:00",0,322,0,"черный","КИА Церато","Центр","2","513165",9,0,1,0,0
37321,256,0,13104,21142,0,4,0,13,"0000-00-00 00:00:00","0000-00-00 00:00:00","0000-00-00 00:00:00",0,611,0,"серебристый","ВАЗ 2114","Юго-восток","1","512589",9,2,1,0,0
37322,246,474413,13233,21265,0,3,0,13,"0000-00-00 00:00:00","0000-00-00 00:00:00","0000-00-00 00:00:00",0,319,0,"белый","Рено Логан","Юго-запад","2","512955",9,0,1,0,0
37323,245,474616,12634,20684,0,1820,3,0,"0000-00-00 00:00:00","0000-00-00 00:00:00","0000-00-00 00:00:00",3,0,1263,"к4**хн11","бордовый","ДЭУ","Юго-запад","2",9,20,0,1,0
37324,245,0,12626,26604,0,3,0,13,"0000-00-00 00:00:00","0000-00-00 00:00:00","0000-00-00 00:00:00",0,1245,0,"красный","Шевроле - Авео","Юго-запад","2","512999",9,0,1,0,0
37327,249,474700,13024,21062,0,1763,2,0,"0000-00-00 00:00:00","0000-00-00 00:00:00","0000-00-00 00:00:00",6,0,794,"о8**ае11","вишневый","Дэу Нексия","Север","2",9,20,0,1,0
37329,243,474697,12748,20797,0,3,0,13,"0000-00-00 00:00:00","0000-00-00 00:00:00","0000-00-00 00:00:00",0,22,0,"серебристый","Киа - Спектра","Юго-запад","2","513275",9,0,1,0,0
37330,243,474728,12742,20791,0,1747,4,0,"0000-00-00 00:00:00","0000-00-00 00:00:00","0000-00-00 00:00:00",4,0,13,"о1**ва11","темно-синий","Дэу Нексия","Юго-восток","2",9,20,0,1,0
37331,245,474550,12627,20677,0,3,0,13,"0000-00-00 00:00:00","0000-00-00 00:00:00","0000-00-00 00:00:00",0,1246,0,"черный","ВАЗ 2115","Юго-запад","2","513190",9,0,1,0,0
37332,256,0,12566,20617,0,1700,3,0,"0000-00-00 00:00:00","0000-00-00 00:00:00","0000-00-00 00:00:00",2,0,512,"о9**ет11","серебристый","ВАЗ 2109","Юго-запад","2",9,10,0,1,0
37334,256,474712,13392,21421,0,3,0,13,"0000-00-00 00:00:00","0000-00-00 00:00:00","0000-00-00 00:00:00",0,2049,0,"черный","Лада Калина","Юго-запад","2","513286",9,0,1,0,0
37335,243,474517,13067,21105,0,1743,3,0,"0000-00-00 00:00:00","0000-00-00 00:00:00","0000-00-00 00:00:00",3,0,0,"н4**ос11","серый","ВАЗ 2115","Юго-запад","2",9,20,0,1,0
37336,246,0,13134,21172,0,4,0,13,"0000-00-00 00:00:00","0000-00-00 00:00:00","0000-00-00 00:00:00",0,11,0,"бежевый","Ниссан Ноте","Юго-восток","2","513125",9,0,1,0,0
37355,249,0,12916,20957,0,2,0,13,"0000-00-00 00:00:00","0000-00-00 00:00:00","0000-00-00 00:00:00",0,62,0,"бордовый","Ниссан Альмера","Север","2","513112",9,0,1,0,0
37338,245,474704,13330,21360,0,3,0,13,"0000-00-00 00:00:00","0000-00-00 00:00:00","0000-00-00 00:00:00",0,1180,0,"черный","Хёндай- Солярис","Юго-запад","2","513278",9,0,1,0,0
37339,243,474674,12786,20835,0,2,0,13,"0000-00-00 00:00:00","0000-00-00 00:00:00","0000-00-00 00:00:00",0,94,0,"зеленый","ВАЗ 2110","Север","2","513270",9,0,1,0,0
37340,243,474716,13562,26444,0,2,0,13,"0000-00-00 00:00:00","0000-00-00 00:00:00","0000-00-00 00:00:00",0,830,0,"темно-синий","Форд Фьюжин","Север","2","513314",9,0,1,0,0
37343,249,0,14224,27223,0,3,0,13,"0000-00-00 00:00:00","0000-00-00 00:00:00","0000-00-00 00:00:00",0,5164,0,"серый","ВАЗ 2112","Юго-запад","2","513048",9,0,1,0,0
37344,246,474672,13180,21217,0,1804,2,0,"0000-00-00 00:00:00","0000-00-00 00:00:00","0000-00-00 00:00:00",2,0,60,"н4**уо11","зеленый","ВАЗ 2111","Север","2",9,20,0,1,0
37347,245,474657,13711,26987,0,1820,3,0,"0000-00-00 00:00:00","0000-00-00 00:00:00","0000-00-00 00:00:00",2,0,1244,"о5**ве11","синий","Ауди 80","Юго-запад","2",9,20,0,1,0
37348,249,0,14141,27101,0,1763,1,0,"0000-00-00 00:00:00","0000-00-00 00:00:00","0000-00-00 00:00:00",1,0,5175,"о2**ев11","серебристый","ВАЗ 2112","Центр","2",9,10,0,1,0
37349,245,474696,13281,21312,0,3,0,13,"0000-00-00 00:00:00","0000-00-00 00:00:00","0000-00-00 00:00:00",0,1123,0,"черный","Хёндай Акцент","Юго-запад","2","513271",9,0,1,0,0
37350,243,474694,13454,21482,0,1,0,13,"0000-00-00 00:00:00","0000-00-00 00:00:00","0000-00-00 00:00:00",0,804,0,"серебристый","Шевроле Ланос","Центр","2","513268",9,0,1,0,0
37351,246,474638,13219,21262,0,3,0,13,"0000-00-00 00:00:00","0000-00-00 00:00:00","0000-00-00 00:00:00",0,304,0,"синий","Рено Логан","Юго-запад","2","513211",9,0,1,0,0
37352,246,474682,12593,20644,0,2,0,13,"0000-00-00 00:00:00","0000-00-00 00:00:00","0000-00-00 00:00:00",0,3014,0,"серебристый","Тайота Камри","Север","2","513255",9,0,1,0,0
37353,246,474715,13246,21277,0,1804,3,0,"0000-00-00 00:00:00","0000-00-00 00:00:00","0000-00-00 00:00:00",3,0,372,"н2**ор11","зеленый","Лада Калина","по городу","2",9,20,0,1,0
37354,243,0,13483,21511,0,1743,3,0,"0000-00-00 00:00:00","0000-00-00 00:00:00","0000-00-00 00:00:00",1,0,862,"о6**вк11","бежевый","Киа - Рио","Юго-запад","2",9,10,0,1,0
37254,246,474519,13165,21203,1809,1,0,13,"0000-00-00 00:00:00","0000-00-00 00:00:00","0000-00-00 00:00:00",0,45,0,"черный","Чери","Центр","2","513071",9,0,1,0,0
37261,246,474739,13227,21186,1809,3,0,13,"0000-00-00 00:00:00","0000-00-00 00:00:00","0000-00-00 00:00:00",0,312,0,"серый","Лада Приора","Юго-запад","2","513319",9,0,1,0,0
37267,246,473449,13251,26708,1809,-1,0,13,"0000-00-00 00:00:00","0000-00-00 00:00:00","0000-00-00 00:00:00",0,0,0,"0","1","511847","20","2",1,0,0,0,0
37091,245,0,13325,21355,1824,4,0,13,"0000-00-00 00:00:00","0000-00-00 00:00:00","0000-00-00 00:00:00",0,1174,0,"бордовый","Дэу Нексия","Юго-восток","2","512726",9,0,1,0,0
37093,245,474566,12629,20679,1824,1820,3,0,"0000-00-00 00:00:00","0000-00-00 00:00:00","0000-00-00 00:00:00",9,0,1251,"к9**он11","серебристый","ВАЗ 2115","Юго-запад","2",9,20,0,1,0
37116,245,474703,12970,21008,1824,1820,2,0,"0000-00-00 00:00:00","0000-00-00 00:00:00","0000-00-00 00:00:00",5,0,0,"о6**ен11","синий","ВАЗ 21099","Север","2",9,20,0,1,0
37247,245,474750,13353,21383,1824,2,0,13,"0000-00-00 00:00:00","0000-00-00 00:00:00","0000-00-00 00:00:00",0,9999,0,"синий","Дэу Нексия","сто","2","513331",9,0,1,0,0
37250,245,0,13295,21326,1824,2,0,13,"0000-00-00 00:00:00","0000-00-00 00:00:00","0000-00-00 00:00:00",0,1138,0,"черный","Ауди","Север","2","513047",9,0,1,0,0
27613,254,356311,13505,21533,1885,-1,0,30,"0000-00-00 00:00:00","0000-00-00 00:00:00","0000-00-00 00:00:00",0,0,0,"0","386501","20","0","1",0,0,0,0,0
37104,256,474633,13373,26844,1706,1700,2,0,"0000-00-00 00:00:00","0000-00-00 00:00:00","0000-00-00 00:00:00",4,0,2027,"о8**ем","серый","Лада Приора","0","2",9,20,0,1,0
37214,256,0,12677,20726,1706,4,0,13,"0000-00-00 00:00:00","0000-00-00 00:00:00","0000-00-00 00:00:00",0,71,0,"черный","Лада Приора","Юго-восток","1","512964",9,2,1,0,0
37216,256,474711,12567,20618,1706,1700,4,0,"0000-00-00 00:00:00","0000-00-00 00:00:00","0000-00-00 00:00:00",4,0,514,"о0**аа11","синий","ВАЗ 21099","Печорская","2",9,20,0,1,0
37217,256,0,12576,20627,1706,1700,3,0,"0000-00-00 00:00:00","0000-00-00 00:00:00","0000-00-00 00:00:00",2,0,544,"о9**ех11","черный","ВАЗ 2115","Юго-запад","2",9,10,0,1,0
37218,256,474753,12577,20628,1706,1700,4,0,"0000-00-00 00:00:00","0000-00-00 00:00:00","0000-00-00 00:00:00",4,0,550,"о2**ав11","серый","ВАЗ 2115","0","2",9,20,0,1,0
37222,256,0,12590,20641,1706,3,0,13,"0000-00-00 00:00:00","0000-00-00 00:00:00","0000-00-00 00:00:00",0,576,0,"синий","ВАЗ 21099","Юго-запад","2","512971",9,0,1,0,0
37223,256,474650,13106,21144,1706,1700,1,0,"0000-00-00 00:00:00","0000-00-00 00:00:00","0000-00-00 00:00:00",1,0,614,"в5**он11","фиолетовый","Лада Калина","Центр","2",9,20,1,0,0
37229,256,0,12701,20750,1706,1700,2,0,"0000-00-00 00:00:00","0000-00-00 00:00:00","0000-00-00 00:00:00",4,0,919,"н7**уо11","синий","ВАЗ 2107","Север","2",9,40,0,1,0
37232,256,474721,13406,21435,1706,2,0,13,"0000-00-00 00:00:00","0000-00-00 00:00:00","0000-00-00 00:00:00",0,2063,0,"светло-зеленый","Лада Калина","Север","2","513295",9,0,1,0,0
